Datetime,Open,High,Low,Close,Adj Close,Volume
2022-10-11 09:30:00,22.450000762939453,22.579999923706055,22.15999984741211,22.15999984741211,22.15999984741211,119881
2022-10-11 09:31:00,22.209999084472656,22.434999465942383,20.6200008392334,21.040000915527344,21.040000915527344,49045
2022-10-11 09:32:00,20.75,22.0,20.6299991607666,22.0,22.0,71673
2022-10-11 09:33:00,21.885000228881836,22.139999389648438,21.885000228881836,22.139999389648438,22.139999389648438,7041
2022-10-11 09:34:00,22.09480094909668,22.1299991607666,21.850000381469727,21.940000534057617,21.940000534057617,6481
2022-10-11 09:35:00,21.854999542236328,22.100000381469727,21.850099563598633,22.020000457763672,22.020000457763672,6428
2022-10-11 09:36:00,22.024999618530273,22.100000381469727,21.950000762939453,22.100000381469727,22.100000381469727,7368
2022-10-11 09:37:00,22.229999542236328,22.43000030517578,22.219999313354492,22.399999618530273,22.399999618530273,10678
2022-10-11 09:38:00,22.329999923706055,22.559999465942383,22.28499984741211,22.547199249267578,22.547199249267578,7949
2022-10-11 09:39:00,22.5,23.1200008392334,22.440000534057617,23.049999237060547,23.049999237060547,25955
2022-10-11 09:40:00,23.104999542236328,23.239999771118164,22.844999313354492,22.844999313354492,22.844999313354492,36921
2022-10-11 09:41:00,22.80500030517578,22.920000076293945,22.780000686645508,22.84000015258789,22.84000015258789,2524
2022-10-11 09:42:00,22.950000762939453,23.5,22.950000762939453,23.4950008392334,23.4950008392334,24553
2022-10-11 09:43:00,23.524900436401367,23.530000686645508,23.204999923706055,23.31999969482422,23.31999969482422,3979
2022-10-11 09:44:00,23.290000915527344,23.34000015258789,23.149999618530273,23.34000015258789,23.34000015258789,7291
2022-10-11 09:45:00,23.384300231933594,23.399999618530273,23.195600509643555,23.344999313354492,23.344999313354492,15379
2022-10-11 09:46:00,23.42099952697754,23.579999923706055,23.350000381469727,23.56999969482422,23.56999969482422,8155
2022-10-11 09:47:00,23.75,23.75,23.618600845336914,23.618600845336914,23.618600845336914,5396
2022-10-11 09:48:00,23.959999084472656,23.959999084472656,23.942699432373047,23.942699432373047,23.942699432373047,15087
2022-10-11 09:49:00,23.625,23.625,23.625,23.625,23.625,5086
2022-10-11 09:50:00,23.625,23.65999984741211,23.290000915527344,23.420000076293945,23.420000076293945,10869
2022-10-11 09:51:00,23.420000076293945,23.540000915527344,23.34670066833496,23.34670066833496,23.34670066833496,2385
2022-10-11 09:52:00,23.440000534057617,23.549999237060547,23.440000534057617,23.514999389648438,23.514999389648438,4724
2022-10-11 09:53:00,23.625,23.625,23.584999084472656,23.625,23.625,7016
2022-10-11 09:54:00,23.625,23.625,23.625,23.625,23.625,3213
2022-10-11 09:55:00,23.594999313354492,23.649999618530273,23.594999313354492,23.594999313354492,23.594999313354492,720
2022-10-11 09:56:00,23.489999771118164,23.566099166870117,23.489999771118164,23.566099166870117,23.566099166870117,4546
2022-10-11 09:57:00,23.44499969482422,23.5,23.34000015258789,23.469999313354492,23.469999313354492,3488
2022-10-11 09:58:00,23.489999771118164,23.489999771118164,23.450000762939453,23.489999771118164,23.489999771118164,1163
2022-10-11 09:59:00,23.485000610351562,23.739999771118164,23.40999984741211,23.701099395751953,23.701099395751953,5425
2022-10-11 10:00:00,23.739999771118164,23.8799991607666,23.620100021362305,23.850000381469727,23.850000381469727,7867
2022-10-11 10:01:00,23.8700008392334,23.8700008392334,23.770000457763672,23.829999923706055,23.829999923706055,1883
2022-10-11 10:02:00,23.84000015258789,24.272899627685547,23.829999923706055,24.272899627685547,24.272899627685547,13179
2022-10-11 10:03:00,24.21500015258789,24.5,24.21500015258789,24.5,24.5,18940
2022-10-11 10:04:00,24.459999084472656,24.690000534057617,24.450000762939453,24.610000610351562,24.610000610351562,17075
2022-10-11 10:05:00,24.760000228881836,24.920000076293945,24.25040054321289,24.25040054321289,24.25040054321289,38480
2022-10-11 10:06:00,24.47319984436035,24.729999542236328,24.200000762939453,24.729999542236328,24.729999542236328,12365
2022-10-11 10:07:00,24.4950008392334,24.4950008392334,24.210100173950195,24.417699813842773,24.417699813842773,6342
2022-10-11 10:08:00,24.290000915527344,24.350000381469727,23.860000610351562,23.8799991607666,23.8799991607666,24232
2022-10-11 10:09:00,23.97960090637207,24.10140037536621,23.93000030517578,24.059999465942383,24.059999465942383,11432
2022-10-11 10:10:00,23.990999221801758,23.990999221801758,23.799999237060547,23.844999313354492,23.844999313354492,19264
2022-10-11 10:11:00,23.75,23.760000228881836,23.75,23.760000228881836,23.760000228881836,477
2022-10-11 10:12:00,23.844999313354492,23.899999618530273,23.83989906311035,23.8799991607666,23.8799991607666,4560
2022-10-11 10:13:00,23.934999465942383,24.25,23.934999465942383,24.25,24.25,7166
2022-10-11 10:14:00,24.219999313354492,24.219999313354492,23.989999771118164,24.149999618530273,24.149999618530273,5641
2022-10-11 10:15:00,24.100000381469727,24.40290069580078,24.100000381469727,24.302000045776367,24.302000045776367,12448
2022-10-11 10:16:00,24.270000457763672,24.299999237060547,24.145000457763672,24.25979995727539,24.25979995727539,7406
2022-10-11 10:17:00,24.239999771118164,24.239999771118164,24.100000381469727,24.170000076293945,24.170000076293945,4240
2022-10-11 10:18:00,24.170000076293945,24.26810073852539,24.170000076293945,24.26810073852539,24.26810073852539,5746
2022-10-11 10:19:00,24.2450008392334,24.510000228881836,24.2450008392334,24.5,24.5,5634
2022-10-11 10:20:00,24.360000610351562,24.45989990234375,24.299999237060547,24.299999237060547,24.299999237060547,7201
2022-10-11 10:21:00,24.28499984741211,24.28499984741211,23.969999313354492,23.969999313354492,23.969999313354492,2963
2022-10-11 10:22:00,23.969999313354492,24.100000381469727,23.969999313354492,24.100000381469727,24.100000381469727,881
2022-10-11 10:23:00,24.037900924682617,24.190000534057617,23.989999771118164,23.989999771118164,23.989999771118164,7361
2022-10-11 10:24:00,23.8700008392334,23.989999771118164,23.855600357055664,23.899999618530273,23.899999618530273,951
2022-10-11 10:25:00,23.920000076293945,24.0,23.84000015258789,24.0,24.0,5049
2022-10-11 10:26:00,24.0,24.0,23.860000610351562,23.96299934387207,23.96299934387207,3977
2022-10-11 10:27:00,23.985000610351562,24.040000915527344,23.957500457763672,24.030000686645508,24.030000686645508,1837
2022-10-11 10:28:00,24.024999618530273,24.024999618530273,23.805599212646484,23.889999389648438,23.889999389648438,4712
2022-10-11 10:29:00,23.844999313354492,23.889999389648438,23.844999313354492,23.889999389648438,23.889999389648438,1685
2022-10-11 10:30:00,23.934999465942383,23.934999465942383,23.84000015258789,23.84000015258789,23.84000015258789,2163
2022-10-11 10:31:00,23.84000015258789,23.850000381469727,23.780000686645508,23.780000686645508,23.780000686645508,916
2022-10-11 10:32:00,23.959999084472656,23.975000381469727,23.959999084472656,23.975000381469727,23.975000381469727,4185
2022-10-11 10:33:00,23.975000381469727,24.040000915527344,23.90999984741211,23.95560073852539,23.95560073852539,2744
2022-10-11 10:34:00,24.020000457763672,24.079999923706055,24.015300750732422,24.03860092163086,24.03860092163086,3260
2022-10-11 10:35:00,24.03499984741211,24.0408992767334,24.002500534057617,24.020000457763672,24.020000457763672,962
2022-10-11 10:36:00,24.020000457763672,24.34000015258789,24.020000457763672,24.34000015258789,24.34000015258789,5809
2022-10-11 10:37:00,24.375,24.430400848388672,24.299999237060547,24.423500061035156,24.423500061035156,6539
2022-10-11 10:38:00,24.5,24.5,24.350000381469727,24.399999618530273,24.399999618530273,2999
2022-10-11 10:39:00,24.420000076293945,24.420000076293945,24.347700119018555,24.40999984741211,24.40999984741211,973
2022-10-11 10:40:00,24.419700622558594,24.549999237060547,24.40999984741211,24.514999389648438,24.514999389648438,4669
2022-10-11 10:41:00,24.600000381469727,24.600000381469727,24.530000686645508,24.600000381469727,24.600000381469727,2795
2022-10-11 10:42:00,24.690000534057617,24.700000762939453,24.600000381469727,24.639999389648438,24.639999389648438,2033
2022-10-11 10:43:00,24.639999389648438,24.68000030517578,24.510000228881836,24.514999389648438,24.514999389648438,7868
2022-10-11 10:44:00,24.524999618530273,24.524999618530273,24.440000534057617,24.450000762939453,24.450000762939453,2711
2022-10-11 10:45:00,24.46500015258789,24.510000228881836,24.3799991607666,24.3799991607666,24.3799991607666,3398
2022-10-11 10:46:00,24.3700008392334,24.3700008392334,24.325000762939453,24.3700008392334,24.3700008392334,1989
2022-10-11 10:47:00,24.325000762939453,24.450000762939453,24.325000762939453,24.350000381469727,24.350000381469727,3208
2022-10-11 10:48:00,24.355499267578125,24.40999984741211,24.299999237060547,24.360000610351562,24.360000610351562,7008
2022-10-11 10:49:00,24.3700008392334,24.469999313354492,24.360000610351562,24.469999313354492,24.469999313354492,977
2022-10-11 10:50:00,24.46500015258789,24.5,24.46500015258789,24.475000381469727,24.475000381469727,1026
2022-10-11 10:51:00,24.5,24.68000030517578,24.489999771118164,24.670000076293945,24.670000076293945,9005
2022-10-11 10:52:00,24.59000015258789,24.6299991607666,24.43000030517578,24.540000915527344,24.540000915527344,3645
2022-10-11 10:53:00,24.479999542236328,24.649999618530273,24.479999542236328,24.649999618530273,24.649999618530273,3341
2022-10-11 10:54:00,24.649999618530273,24.81999969482422,24.639999389648438,24.639999389648438,24.639999389648438,22973
2022-10-11 10:55:00,24.649999618530273,24.790000915527344,24.479999542236328,24.780000686645508,24.780000686645508,15827
2022-10-11 10:56:00,24.68000030517578,24.860000610351562,24.68000030517578,24.860000610351562,24.860000610351562,4527
2022-10-11 10:57:00,24.799999237060547,24.850000381469727,24.765499114990234,24.850000381469727,24.850000381469727,3274
2022-10-11 10:58:00,24.759599685668945,24.979999542236328,24.75,24.959999084472656,24.959999084472656,21915
2022-10-11 10:59:00,25.139699935913086,25.139699935913086,25.030000686645508,25.125,25.125,44677
2022-10-11 11:00:00,25.119400024414062,25.149999618530273,24.90999984741211,24.90999984741211,24.90999984741211,6634
2022-10-11 11:01:00,24.90999984741211,25.0,24.88010025024414,24.940000534057617,24.940000534057617,5244
2022-10-11 11:02:00,24.94499969482422,25.100000381469727,24.94499969482422,25.05500030517578,25.05500030517578,8751
2022-10-11 11:03:00,25.010000228881836,25.010000228881836,24.896799087524414,24.989999771118164,24.989999771118164,6100
2022-10-11 11:04:00,24.940000534057617,24.940000534057617,24.8612003326416,24.8612003326416,24.8612003326416,3178
2022-10-11 11:05:00,24.8700008392334,24.934999465942383,24.799999237060547,24.934999465942383,24.934999465942383,6289
2022-10-11 11:06:00,24.899999618530273,24.90999984741211,24.799999237060547,24.799999237060547,24.799999237060547,5828
2022-10-11 11:07:00,24.834999084472656,24.90999984741211,24.834999084472656,24.8700008392334,24.8700008392334,1900
2022-10-11 11:08:00,24.90999984741211,25.010000228881836,24.90999984741211,24.94499969482422,24.94499969482422,10254
2022-10-11 11:09:00,24.90999984741211,24.979999542236328,24.90999984741211,24.979999542236328,24.979999542236328,2090
2022-10-11 11:10:00,24.934999465942383,25.020000457763672,24.920000076293945,25.0,25.0,5180
2022-10-11 11:11:00,24.960800170898438,25.049999237060547,24.959999084472656,25.020000457763672,25.020000457763672,5542
2022-10-11 11:12:00,25.013900756835938,25.013900756835938,24.905000686645508,24.905000686645508,24.905000686645508,3236
2022-10-11 11:13:00,24.90999984741211,24.950000762939453,24.90999984741211,24.950000762939453,24.950000762939453,431
2022-10-11 11:14:00,25.100000381469727,25.100000381469727,25.100000381469727,25.100000381469727,25.100000381469727,25911
2022-10-11 11:15:00,25.190000534057617,25.190000534057617,25.190000534057617,25.190000534057617,25.190000534057617,271
2022-10-11 11:16:00,25.190000534057617,25.239999771118164,25.122400283813477,25.200000762939453,25.200000762939453,2840
2022-10-11 11:17:00,25.239999771118164,25.370500564575195,25.229999542236328,25.309999465942383,25.309999465942383,3444
2022-10-11 11:18:00,25.260000228881836,25.260000228881836,25.190000534057617,25.190000534057617,25.190000534057617,2759
2022-10-11 11:19:00,25.21500015258789,25.274999618530273,25.209999084472656,25.274999618530273,25.274999618530273,1328
2022-10-11 11:20:00,25.420000076293945,25.709999084472656,25.420000076293945,25.56999969482422,25.56999969482422,32953
2022-10-11 11:21:00,25.614999771118164,25.68630027770996,25.394100189208984,25.440000534057617,25.440000534057617,5986
2022-10-11 11:22:00,25.676700592041016,25.969999313354492,25.676700592041016,25.899999618530273,25.899999618530273,25196
2022-10-11 11:23:00,25.889999389648438,25.889999389648438,25.6200008392334,25.674999237060547,25.674999237060547,25183
2022-10-11 11:24:00,25.780000686645508,25.889999389648438,25.600000381469727,25.600000381469727,25.600000381469727,13229
2022-10-11 11:25:00,25.579999923706055,25.579999923706055,25.413299560546875,25.514999389648438,25.514999389648438,5725
2022-10-11 11:26:00,25.469999313354492,25.659799575805664,25.459999084472656,25.656400680541992,25.656400680541992,6020
2022-10-11 11:27:00,25.520000457763672,25.520000457763672,25.34000015258789,25.420000076293945,25.420000076293945,12939
2022-10-11 11:28:00,25.420000076293945,25.5049991607666,25.399999618530273,25.5049991607666,25.5049991607666,2493
2022-10-11 11:29:00,25.61210060119629,25.6200008392334,25.387800216674805,25.540000915527344,25.540000915527344,7747
2022-10-11 11:30:00,25.479999542236328,25.549999237060547,25.3700008392334,25.39940071105957,25.39940071105957,5728
2022-10-11 11:31:00,25.3799991607666,25.424999237060547,25.190000534057617,25.260099411010742,25.260099411010742,7098
2022-10-11 11:32:00,25.25,25.25,25.079999923706055,25.1299991607666,25.1299991607666,13509
2022-10-11 11:33:00,25.1299991607666,25.18549919128418,25.1200008392334,25.149999618530273,25.149999618530273,6797
2022-10-11 11:34:00,25.150400161743164,25.270000457763672,25.150400161743164,25.270000457763672,25.270000457763672,4304
2022-10-11 11:35:00,25.274599075317383,25.479999542236328,25.209999084472656,25.309999465942383,25.309999465942383,9624
2022-10-11 11:36:00,25.415000915527344,25.799999237060547,25.310100555419922,25.663700103759766,25.663700103759766,11143
2022-10-11 11:37:00,25.57159996032715,25.694499969482422,25.57159996032715,25.694499969482422,25.694499969482422,732
2022-10-11 11:38:00,25.65999984741211,25.790000915527344,25.559999465942383,25.68000030517578,25.68000030517578,10847
2022-10-11 11:39:00,25.684999465942383,25.684999465942383,25.67840003967285,25.684999465942383,25.684999465942383,2007
2022-10-11 11:40:00,25.68000030517578,25.760000228881836,25.68000030517578,25.684999465942383,25.684999465942383,952
2022-10-11 11:41:00,25.6299991607666,25.6299991607666,25.6299991607666,25.6299991607666,25.6299991607666,440
2022-10-11 11:42:00,25.6299991607666,25.700000762939453,25.559999465942383,25.638999938964844,25.638999938964844,6149
2022-10-11 11:43:00,25.61669921875,25.65999984741211,25.61669921875,25.65999984741211,25.65999984741211,1307
2022-10-11 11:44:00,25.6200008392334,25.639999389648438,25.6200008392334,25.639999389648438,25.639999389648438,1820
2022-10-11 11:45:00,25.639999389648438,25.64859962463379,25.623300552368164,25.623300552368164,25.623300552368164,1862
2022-10-11 11:46:00,25.639999389648438,25.639999389648438,25.639999389648438,25.639999389648438,25.639999389648438,230
2022-10-11 11:47:00,25.655000686645508,25.655000686645508,25.610000610351562,25.610000610351562,25.610000610351562,371
2022-10-11 11:48:00,25.510000228881836,25.510000228881836,25.399999618530273,25.440000534057617,25.440000534057617,5193
2022-10-11 11:50:00,25.40999984741211,25.450000762939453,25.40999984741211,25.450000762939453,25.450000762939453,1598
2022-10-11 11:52:00,25.389999389648438,25.389999389648438,25.389999389648438,25.389999389648438,25.389999389648438,14123
2022-10-11 11:53:00,25.34000015258789,25.360000610351562,25.329999923706055,25.344999313354492,25.344999313354492,2181
2022-10-11 11:54:00,25.32819938659668,25.43000030517578,25.32819938659668,25.350000381469727,25.350000381469727,2641
2022-10-11 11:55:00,25.360000610351562,25.360000610351562,25.229999542236328,25.229999542236328,25.229999542236328,1926
2022-10-11 11:56:00,25.34000015258789,25.34000015258789,25.34000015258789,25.34000015258789,25.34000015258789,186
2022-10-11 11:57:00,25.478900909423828,25.478900909423828,25.478900909423828,25.478900909423828,25.478900909423828,120
2022-10-11 11:58:00,25.405000686645508,25.469999313354492,25.399999618530273,25.469999313354492,25.469999313354492,1617
2022-10-11 11:59:00,25.549999237060547,25.549999237060547,25.524099349975586,25.524099349975586,25.524099349975586,5591
2022-10-11 12:00:00,25.524999618530273,25.524999618530273,25.524999618530273,25.524999618530273,25.524999618530273,326
2022-10-11 12:01:00,25.524999618530273,25.729999542236328,25.3799991607666,25.390100479125977,25.390100479125977,9364
2022-10-11 12:02:00,25.399999618530273,25.399999618530273,25.25,25.321399688720703,25.321399688720703,2747
2022-10-11 12:03:00,25.31999969482422,25.350000381469727,25.31999969482422,25.350000381469727,25.350000381469727,926
2022-10-11 12:05:00,25.454999923706055,25.454999923706055,25.3700008392334,25.389999389648438,25.389999389648438,4189
2022-10-11 12:06:00,25.354999542236328,25.354999542236328,25.290000915527344,25.290000915527344,25.290000915527344,521
2022-10-11 12:07:00,25.440000534057617,25.540000915527344,25.440000534057617,25.540000915527344,25.540000915527344,1465
2022-10-11 12:08:00,25.46500015258789,25.540000915527344,25.46500015258789,25.508699417114258,25.508699417114258,1430
2022-10-11 12:09:00,25.5,25.5,25.440000534057617,25.485000610351562,25.485000610351562,1215
2022-10-11 12:10:00,25.485000610351562,25.485000610351562,25.329999923706055,25.360000610351562,25.360000610351562,2226
2022-10-11 12:11:00,25.329999923706055,25.479999542236328,25.329999923706055,25.450000762939453,25.450000762939453,3918
2022-10-11 12:12:00,25.4950008392334,25.4950008392334,25.299999237060547,25.299999237060547,25.299999237060547,2339
2022-10-11 12:13:00,25.280000686645508,25.280000686645508,25.280000686645508,25.280000686645508,25.280000686645508,166
2022-10-11 12:14:00,25.31999969482422,25.329999923706055,25.280000686645508,25.280000686645508,25.280000686645508,1107
2022-10-11 12:15:00,25.325000762939453,25.325000762939453,25.325000762939453,25.325000762939453,25.325000762939453,223
2022-10-11 12:16:00,25.31999969482422,25.31999969482422,25.31999969482422,25.31999969482422,25.31999969482422,146
2022-10-11 12:17:00,25.379899978637695,25.379899978637695,25.315000534057617,25.315000534057617,25.315000534057617,1143
2022-10-11 12:18:00,25.280000686645508,25.280000686645508,25.263999938964844,25.263999938964844,25.263999938964844,687
2022-10-11 12:19:00,25.295000076293945,25.350000381469727,25.274999618530273,25.329999923706055,25.329999923706055,6505
2022-10-11 12:20:00,25.3799991607666,25.3799991607666,25.100000381469727,25.200000762939453,25.200000762939453,13614
2022-10-11 12:21:00,25.170000076293945,25.170000076293945,25.15999984741211,25.15999984741211,25.15999984741211,635
2022-10-11 12:22:00,25.06999969482422,25.06999969482422,25.010000228881836,25.010000228881836,25.010000228881836,2280
2022-10-11 12:23:00,25.010000228881836,25.084999084472656,24.969999313354492,25.0,25.0,6833
2022-10-11 12:24:00,25.020000457763672,25.030000686645508,24.860000610351562,24.860000610351562,24.860000610351562,7824
2022-10-11 12:25:00,24.899999618530273,24.950000762939453,24.709999084472656,24.709999084472656,24.709999084472656,5636
2022-10-11 12:26:00,24.771699905395508,24.81999969482422,24.709999084472656,24.81999969482422,24.81999969482422,3235
2022-10-11 12:27:00,24.84000015258789,24.84000015258789,24.709999084472656,24.764999389648438,24.764999389648438,3717
2022-10-11 12:28:00,24.764999389648438,24.764999389648438,24.764999389648438,24.764999389648438,24.764999389648438,539
2022-10-11 12:29:00,24.75279998779297,24.81999969482422,24.709999084472656,24.81999969482422,24.81999969482422,1005
2022-10-11 12:30:00,24.709999084472656,24.709999084472656,24.6200008392334,24.6200008392334,24.6200008392334,2142
2022-10-11 12:31:00,24.735000610351562,24.735000610351562,24.68000030517578,24.68000030517578,24.68000030517578,7020
2022-10-11 12:32:00,24.56999969482422,24.56999969482422,24.469999313354492,24.469999313354492,24.469999313354492,11152
2022-10-11 12:33:00,24.540000915527344,24.59000015258789,24.489999771118164,24.540000915527344,24.540000915527344,7701
2022-10-11 12:34:00,24.530000686645508,24.6200008392334,24.530000686645508,24.614999771118164,24.614999771118164,2803
2022-10-11 12:35:00,24.68000030517578,24.704999923706055,24.600000381469727,24.639999389648438,24.639999389648438,3686
2022-10-11 12:36:00,24.579999923706055,24.65999984741211,24.579999923706055,24.65999984741211,24.65999984741211,759
2022-10-11 12:37:00,24.739999771118164,24.815000534057617,24.655000686645508,24.75,24.75,1609
2022-10-11 12:38:00,24.834999084472656,24.834999084472656,24.75,24.760000228881836,24.760000228881836,4908
2022-10-11 12:39:00,24.780000686645508,24.799800872802734,24.709999084472656,24.799800872802734,24.799800872802734,3452
2022-10-11 12:40:00,24.774999618530273,24.78499984741211,24.71500015258789,24.78499984741211,24.78499984741211,1626
2022-10-11 12:41:00,24.729999542236328,24.864999771118164,24.729999542236328,24.780000686645508,24.780000686645508,3411
2022-10-11 12:42:00,24.690000534057617,24.729999542236328,24.6299991607666,24.65999984741211,24.65999984741211,2518
2022-10-11 12:43:00,24.639999389648438,24.65999984741211,24.459999084472656,24.5,24.5,2338
2022-10-11 12:44:00,24.479999542236328,24.479999542236328,24.309999465942383,24.309999465942383,24.309999465942383,9274
2022-10-11 12:45:00,24.280000686645508,24.3700008392334,24.170000076293945,24.260000228881836,24.260000228881836,6811
2022-10-11 12:46:00,24.260000228881836,24.34000015258789,24.184999465942383,24.332500457763672,24.332500457763672,3620
2022-10-11 12:47:00,24.2549991607666,24.34000015258789,24.21500015258789,24.229999542236328,24.229999542236328,4133
2022-10-11 12:48:00,24.229999542236328,24.25,24.149999618530273,24.149999618530273,24.149999618530273,3161
2022-10-11 12:49:00,24.149999618530273,24.200000762939453,24.079999923706055,24.09000015258789,24.09000015258789,3267
2022-10-11 12:50:00,24.040000915527344,24.09000015258789,23.829999923706055,23.940000534057617,23.940000534057617,22521
2022-10-11 12:51:00,23.940000534057617,23.985000610351562,23.8799991607666,23.8799991607666,23.8799991607666,1401
2022-10-11 12:52:00,23.920000076293945,23.950000762939453,23.790000915527344,23.799999237060547,23.799999237060547,13598
2022-10-11 12:53:00,23.770000457763672,23.950000762939453,23.760000228881836,23.950000762939453,23.950000762939453,2600
2022-10-11 12:54:00,23.988300323486328,23.988300323486328,23.899999618530273,23.950000762939453,23.950000762939453,4885
2022-10-11 12:55:00,24.0,24.0,23.790000915527344,23.8799991607666,23.8799991607666,3030
2022-10-11 12:56:00,23.81999969482422,23.915000915527344,23.809999465942383,23.915000915527344,23.915000915527344,3509
2022-10-11 12:57:00,23.850000381469727,23.93000030517578,23.829999923706055,23.850000381469727,23.850000381469727,4143
2022-10-11 12:58:00,23.860000610351562,23.860000610351562,23.75,23.850000381469727,23.850000381469727,5208
2022-10-11 12:59:00,23.809999465942383,23.850000381469727,23.75,23.780000686645508,23.780000686645508,4088
2022-10-11 13:00:00,23.850000381469727,23.850000381469727,23.655000686645508,23.700000762939453,23.700000762939453,3319
2022-10-11 13:01:00,23.700000762939453,23.71500015258789,23.559999465942383,23.579999923706055,23.579999923706055,5334
2022-10-11 13:02:00,23.579999923706055,23.703899383544922,23.5,23.565000534057617,23.565000534057617,14563
2022-10-11 13:03:00,23.559999465942383,23.559999465942383,23.559999465942383,23.559999465942383,23.559999465942383,188
2022-10-11 13:04:00,23.610000610351562,23.700000762939453,23.610000610351562,23.649999618530273,23.649999618530273,3137
2022-10-11 13:05:00,23.68000030517578,23.790000915527344,23.68000030517578,23.790000915527344,23.790000915527344,2255
2022-10-11 13:06:00,23.780000686645508,23.799999237060547,23.729999542236328,23.799999237060547,23.799999237060547,2567
2022-10-11 13:07:00,23.795000076293945,23.795000076293945,23.780000686645508,23.780000686645508,23.780000686645508,633
2022-10-11 13:08:00,23.829999923706055,23.8700008392334,23.790000915527344,23.834999084472656,23.834999084472656,4417
2022-10-11 13:09:00,23.834999084472656,23.834999084472656,23.834999084472656,23.834999084472656,23.834999084472656,546
2022-10-11 13:10:00,23.8700008392334,23.8799991607666,23.864999771118164,23.8700008392334,23.8700008392334,1285
2022-10-11 13:11:00,23.90999984741211,23.90999984741211,23.829999923706055,23.8799991607666,23.8799991607666,4898
2022-10-11 13:12:00,23.825000762939453,23.875,23.81999969482422,23.875,23.875,831
2022-10-11 13:13:00,23.875,23.875,23.860000610351562,23.860000610351562,23.860000610351562,606
2022-10-11 13:14:00,23.860000610351562,23.93000030517578,23.860000610351562,23.892900466918945,23.892900466918945,2595
2022-10-11 13:15:00,23.899999618530273,23.899999618530273,23.899999618530273,23.899999618530273,23.899999618530273,599
2022-10-11 13:16:00,23.899999618530273,24.020000457763672,23.8700008392334,24.0,24.0,8772
2022-10-11 13:17:00,24.040000915527344,24.08099937438965,24.030000686645508,24.079999923706055,24.079999923706055,958
2022-10-11 13:18:00,24.040000915527344,24.1200008392334,23.9950008392334,24.1200008392334,24.1200008392334,3323
2022-10-11 13:19:00,24.1697998046875,24.1697998046875,24.100000381469727,24.1299991607666,24.1299991607666,987
2022-10-11 13:20:00,24.1299991607666,24.1299991607666,24.040000915527344,24.100000381469727,24.100000381469727,3187
2022-10-11 13:21:00,24.06999969482422,24.09000015258789,24.049999237060547,24.09000015258789,24.09000015258789,2632
2022-10-11 13:22:00,24.094999313354492,24.110000610351562,24.030000686645508,24.110000610351562,24.110000610351562,2250
2022-10-11 13:23:00,24.15999984741211,24.190000534057617,24.06999969482422,24.100000381469727,24.100000381469727,4571
2022-10-11 13:24:00,24.100000381469727,24.100000381469727,24.010000228881836,24.059999465942383,24.059999465942383,1935
2022-10-11 13:25:00,24.059999465942383,24.059999465942383,23.709999084472656,23.709999084472656,23.709999084472656,11510
2022-10-11 13:26:00,23.71500015258789,23.93000030517578,23.709999084472656,23.709999084472656,23.709999084472656,2394
2022-10-11 13:27:00,23.795000076293945,23.8799991607666,23.795000076293945,23.84000015258789,23.84000015258789,1551
2022-10-11 13:28:00,23.829999923706055,23.8700008392334,23.649999618530273,23.649999618530273,23.649999618530273,5901
2022-10-11 13:29:00,23.6299991607666,23.7450008392334,23.549999237060547,23.600099563598633,23.600099563598633,5022
2022-10-11 13:30:00,23.600000381469727,23.670000076293945,23.399999618530273,23.399999618530273,23.399999618530273,6274
2022-10-11 13:31:00,23.40999984741211,23.540000915527344,23.399999618530273,23.4950008392334,23.4950008392334,2075
2022-10-11 13:32:00,23.489999771118164,23.5049991607666,23.1200008392334,23.1200008392334,23.1200008392334,8538
2022-10-11 13:33:00,23.184999465942383,23.290000915527344,22.93000030517578,22.93000030517578,22.93000030517578,8679
2022-10-11 13:34:00,23.0,23.03499984741211,22.889999389648438,22.920000076293945,22.920000076293945,11786
2022-10-11 13:35:00,22.9950008392334,23.059999465942383,22.920000076293945,23.0,23.0,6822
2022-10-11 13:36:00,23.0,23.030000686645508,22.920000076293945,22.920000076293945,22.920000076293945,5131
2022-10-11 13:37:00,22.8799991607666,22.915000915527344,22.84000015258789,22.84000015258789,22.84000015258789,3396
2022-10-11 13:38:00,22.879899978637695,22.879899978637695,22.770000457763672,22.770000457763672,22.770000457763672,6961
2022-10-11 13:39:00,22.770000457763672,22.9950008392334,22.739999771118164,22.93000030517578,22.93000030517578,4289
2022-10-11 13:40:00,22.93000030517578,22.989999771118164,22.799999237060547,22.809999465942383,22.809999465942383,6453
2022-10-11 13:41:00,22.889999389648438,22.889999389648438,22.770000457763672,22.889999389648438,22.889999389648438,5255
2022-10-11 13:42:00,22.8700008392334,22.940000534057617,22.790000915527344,22.940000534057617,22.940000534057617,1604
2022-10-11 13:43:00,23.045000076293945,23.06999969482422,22.93000030517578,22.94499969482422,22.94499969482422,2763
2022-10-11 13:44:00,23.075000762939453,23.075000762939453,22.90999984741211,22.915000915527344,22.915000915527344,3021
2022-10-11 13:45:00,22.959999084472656,22.959999084472656,22.899999618530273,22.899999618530273,22.899999618530273,1380
2022-10-11 13:46:00,22.860000610351562,22.889999389648438,22.809999465942383,22.809999465942383,22.809999465942383,1352
2022-10-11 13:47:00,22.872400283813477,22.872400283813477,22.739999771118164,22.854999542236328,22.854999542236328,3437
2022-10-11 13:48:00,22.760000228881836,22.799999237060547,22.75,22.774999618530273,22.774999618530273,1900
2022-10-11 13:49:00,22.774999618530273,22.774999618530273,22.774999618530273,22.774999618530273,22.774999618530273,668
2022-10-11 13:50:00,22.780000686645508,22.780000686645508,22.780000686645508,22.780000686645508,22.780000686645508,284
2022-10-11 13:51:00,22.84000015258789,22.8799991607666,22.829999923706055,22.854999542236328,22.854999542236328,3099
2022-10-11 13:52:00,22.950000762939453,22.950000762939453,22.825000762939453,22.850000381469727,22.850000381469727,2440
2022-10-11 13:53:00,22.850000381469727,22.850000381469727,22.850000381469727,22.850000381469727,22.850000381469727,226
2022-10-11 13:54:00,22.899999618530273,22.969999313354492,22.88800048828125,22.969999313354492,22.969999313354492,2743
2022-10-11 13:55:00,22.889999389648438,22.889999389648438,22.889999389648438,22.889999389648438,22.889999389648438,572
2022-10-11 13:56:00,22.940000534057617,22.940000534057617,22.84000015258789,22.84000015258789,22.84000015258789,2395
2022-10-11 13:57:00,22.860000610351562,22.860000610351562,22.78499984741211,22.809999465942383,22.809999465942383,3229
2022-10-11 13:58:00,22.81999969482422,23.024999618530273,22.81999969482422,23.0,23.0,7713
2022-10-11 13:59:00,23.014999389648438,23.014999389648438,22.959999084472656,23.0,23.0,3421
2022-10-11 14:00:00,23.0,23.059999465942383,23.0,23.010000228881836,23.010000228881836,3072
2022-10-11 14:01:00,23.063800811767578,23.063800811767578,23.0049991607666,23.0049991607666,23.0049991607666,1191
2022-10-11 14:02:00,22.9950008392334,23.119400024414062,22.9950008392334,23.119400024414062,23.119400024414062,4123
2022-10-11 14:03:00,23.084999084472656,23.12969970703125,23.06999969482422,23.096099853515625,23.096099853515625,2568
2022-10-11 14:04:00,23.094999313354492,23.100000381469727,23.03499984741211,23.03499984741211,23.03499984741211,4072
2022-10-11 14:05:00,23.030000686645508,23.030000686645508,23.030000686645508,23.030000686645508,23.030000686645508,400
2022-10-11 14:06:00,23.044300079345703,23.059999465942383,23.0,23.059999465942383,23.059999465942383,2623
2022-10-11 14:07:00,23.1200008392334,23.1200008392334,23.100000381469727,23.100000381469727,23.100000381469727,372
2022-10-11 14:08:00,23.06999969482422,23.06999969482422,23.059999465942383,23.059999465942383,23.059999465942383,1514
2022-10-11 14:09:00,23.059999465942383,23.059999465942383,23.059999465942383,23.059999465942383,23.059999465942383,150
2022-10-11 14:10:00,23.03070068359375,23.03070068359375,23.03070068359375,23.03070068359375,23.03070068359375,1001
2022-10-11 14:11:00,23.05500030517578,23.059999465942383,23.0,23.059999465942383,23.059999465942383,4588
2022-10-11 14:12:00,23.079999923706055,23.110000610351562,23.079999923706055,23.09000015258789,23.09000015258789,2805
2022-10-11 14:13:00,23.1200008392334,23.1200008392334,23.084999084472656,23.084999084472656,23.084999084472656,493
2022-10-11 14:14:00,23.049999237060547,23.075000762939453,23.049999237060547,23.06999969482422,23.06999969482422,1240
2022-10-11 14:15:00,23.040000915527344,23.100000381469727,22.9950008392334,23.065000534057617,23.065000534057617,20326
2022-10-11 14:16:00,23.065000534057617,23.065000534057617,23.040000915527344,23.059999465942383,23.059999465942383,4464
2022-10-11 14:17:00,23.040000915527344,23.06999969482422,23.0,23.03499984741211,23.03499984741211,4143
2022-10-11 14:18:00,23.03499984741211,23.06999969482422,23.010000228881836,23.05120086669922,23.05120086669922,4800
2022-10-11 14:19:00,23.049999237060547,23.049999237060547,23.0,23.030000686645508,23.030000686645508,6411
2022-10-11 14:20:00,23.030000686645508,23.049999237060547,23.0,23.040000915527344,23.040000915527344,8369
2022-10-11 14:21:00,23.024999618530273,23.040000915527344,23.000499725341797,23.040000915527344,23.040000915527344,1433
2022-10-11 14:23:00,23.0,23.05500030517578,23.0,23.0,23.0,6774
2022-10-11 14:24:00,23.03499984741211,23.09000015258789,23.032100677490234,23.075000762939453,23.075000762939453,4682
2022-10-11 14:25:00,23.06999969482422,23.1299991607666,23.059999465942383,23.079999923706055,23.079999923706055,3950
2022-10-11 14:26:00,23.110000610351562,23.110000610351562,23.110000610351562,23.110000610351562,23.110000610351562,1122
2022-10-11 14:27:00,23.094999313354492,23.094999313354492,23.06999969482422,23.09000015258789,23.09000015258789,1582
2022-10-11 14:28:00,23.1200008392334,23.139999389648438,23.079999923706055,23.1200008392334,23.1200008392334,3216
2022-10-11 14:29:00,23.09000015258789,23.114999771118164,23.059999465942383,23.059999465942383,23.059999465942383,1232
2022-10-11 14:30:00,23.139999389648438,23.139999389648438,23.139999389648438,23.139999389648438,23.139999389648438,897
2022-10-11 14:31:00,23.1299991607666,23.1299991607666,23.1299991607666,23.1299991607666,23.1299991607666,545
2022-10-11 14:32:00,23.104999542236328,23.1200008392334,23.059999465942383,23.1200008392334,23.1200008392334,1090
2022-10-11 14:33:00,23.059999465942383,23.079999923706055,23.059999465942383,23.079999923706055,23.079999923706055,642
2022-10-11 14:34:00,23.100000381469727,23.100000381469727,23.100000381469727,23.100000381469727,23.100000381469727,1980
2022-10-11 14:35:00,23.110000610351562,23.110000610351562,23.110000610351562,23.110000610351562,23.110000610351562,130
2022-10-11 14:36:00,23.1299991607666,23.18000030517578,23.1200008392334,23.1200008392334,23.1200008392334,7385
2022-10-11 14:37:00,23.139999389648438,23.149999618530273,23.1299991607666,23.149999618530273,23.149999618530273,3869
2022-10-11 14:38:00,23.158300399780273,23.158300399780273,23.139999389648438,23.139999389648438,23.139999389648438,1100
2022-10-11 14:39:00,23.135000228881836,23.135000228881836,23.059999465942383,23.100000381469727,23.100000381469727,5375
2022-10-11 14:40:00,23.139999389648438,23.145000457763672,23.125,23.125,23.125,1418
2022-10-11 14:42:00,23.145000457763672,23.199399948120117,23.139999389648438,23.165000915527344,23.165000915527344,6273
2022-10-11 14:43:00,23.145000457763672,23.200000762939453,23.110000610351562,23.170000076293945,23.170000076293945,9444
2022-10-11 14:44:00,23.170000076293945,23.170000076293945,23.170000076293945,23.170000076293945,23.170000076293945,200
2022-10-11 14:45:00,23.139999389648438,23.149999618530273,23.100000381469727,23.1200008392334,23.1200008392334,3891
2022-10-11 14:46:00,23.149999618530273,23.165000915527344,23.149999618530273,23.165000915527344,23.165000915527344,1127
2022-10-11 14:47:00,23.135000228881836,23.135000228881836,23.1299991607666,23.1299991607666,23.1299991607666,363
2022-10-11 14:48:00,23.11009979248047,23.1299991607666,23.084999084472656,23.084999084472656,23.084999084472656,3294
2022-10-11 14:50:00,23.139999389648438,23.200000762939453,23.139999389648438,23.162200927734375,23.162200927734375,4611
2022-10-11 14:51:00,23.170000076293945,23.200000762939453,23.170000076293945,23.200000762939453,23.200000762939453,2680
2022-10-11 14:52:00,23.15999984741211,23.15999984741211,23.10700035095215,23.10700035095215,23.10700035095215,2773
2022-10-11 14:54:00,23.139999389648438,23.149999618530273,23.139999389648438,23.149999618530273,23.149999618530273,4073
2022-10-11 14:55:00,23.149999618530273,23.149999618530273,23.110000610351562,23.149999618530273,23.149999618530273,2806
2022-10-11 14:57:00,23.139999389648438,23.139999389648438,23.139999389648438,23.139999389648438,23.139999389648438,973
2022-10-11 14:58:00,23.149999618530273,23.15999984741211,23.1200008392334,23.15999984741211,23.15999984741211,5203
2022-10-11 14:59:00,23.155000686645508,23.18000030517578,23.1299991607666,23.155000686645508,23.155000686645508,1386
2022-10-11 15:00:00,23.155000686645508,23.155000686645508,23.1200008392334,23.135000228881836,23.135000228881836,3052
2022-10-11 15:01:00,23.170000076293945,23.219999313354492,23.170000076293945,23.219999313354492,23.219999313354492,1077
2022-10-11 15:02:00,23.225000381469727,23.225000381469727,23.21500015258789,23.219999313354492,23.219999313354492,1492
2022-10-11 15:03:00,23.225000381469727,23.225000381469727,23.209999084472656,23.209999084472656,23.209999084472656,500
2022-10-11 15:04:00,23.190000534057617,23.209999084472656,23.18000030517578,23.190000534057617,23.190000534057617,2284
2022-10-11 15:05:00,23.204999923706055,23.31999969482422,23.204999923706055,23.31999969482422,23.31999969482422,4351
2022-10-11 15:06:00,23.299999237060547,23.31999969482422,23.219999313354492,23.25,23.25,6736
2022-10-11 15:07:00,23.260000228881836,23.295700073242188,23.25,23.260000228881836,23.260000228881836,5507
2022-10-11 15:08:00,23.260000228881836,23.260000228881836,23.149999618530273,23.149999618530273,23.149999618530273,2827
2022-10-11 15:09:00,23.18000030517578,23.200000762939453,23.15999984741211,23.19499969482422,23.19499969482422,1307
2022-10-11 15:10:00,23.239999771118164,23.239999771118164,23.204999923706055,23.204999923706055,23.204999923706055,605
2022-10-11 15:11:00,23.19499969482422,23.19499969482422,23.059999465942383,23.149999618530273,23.149999618530273,5993
2022-10-11 15:12:00,23.15999984741211,23.209999084472656,23.145000457763672,23.209999084472656,23.209999084472656,1227
2022-10-11 15:13:00,23.139999389648438,23.139999389648438,23.139999389648438,23.139999389648438,23.139999389648438,358
2022-10-11 15:14:00,23.190000534057617,23.190000534057617,23.190000534057617,23.190000534057617,23.190000534057617,196
2022-10-11 15:15:00,23.209999084472656,23.280000686645508,23.209999084472656,23.25,23.25,8087
2022-10-11 15:16:00,23.290000915527344,23.326900482177734,23.290000915527344,23.320100784301758,23.320100784301758,4326
2022-10-11 15:17:00,23.315000534057617,23.31999969482422,23.229999542236328,23.270000457763672,23.270000457763672,5661
2022-10-11 15:18:00,23.299999237060547,23.309999465942383,23.26219940185547,23.299999237060547,23.299999237060547,4829
2022-10-11 15:19:00,23.28499984741211,23.28499984741211,23.28499984741211,23.28499984741211,23.28499984741211,281
2022-10-11 15:20:00,23.28499984741211,23.299999237060547,23.28499984741211,23.299999237060547,23.299999237060547,1691
2022-10-11 15:21:00,23.299999237060547,23.309999465942383,23.260000228881836,23.260000228881836,23.260000228881836,5203
2022-10-11 15:22:00,23.290000915527344,23.31999969482422,23.290000915527344,23.3075008392334,23.3075008392334,3447
2022-10-11 15:23:00,23.299999237060547,23.360000610351562,23.299999237060547,23.325000762939453,23.325000762939453,7271
2022-10-11 15:24:00,23.329999923706055,23.43000030517578,23.329999923706055,23.329999923706055,23.329999923706055,8042
2022-10-11 15:25:00,23.309999465942383,23.43000030517578,23.309999465942383,23.399999618530273,23.399999618530273,4945
2022-10-11 15:26:00,23.450000762939453,23.450000762939453,23.3700008392334,23.450000762939453,23.450000762939453,6492
2022-10-11 15:27:00,23.450000762939453,23.450000762939453,23.450000762939453,23.450000762939453,23.450000762939453,429
2022-10-11 15:28:00,23.440000534057617,23.440000534057617,23.3700008392334,23.3799991607666,23.3799991607666,5444
2022-10-11 15:29:00,23.399999618530273,23.450000762939453,23.399999618530273,23.450000762939453,23.450000762939453,1219
2022-10-11 15:30:00,23.450000762939453,23.459999084472656,23.270000457763672,23.270000457763672,23.270000457763672,9271
2022-10-11 15:31:00,23.239999771118164,23.309999465942383,23.239999771118164,23.309999465942383,23.309999465942383,2308
2022-10-11 15:32:00,23.360000610351562,23.3799991607666,23.360000610351562,23.3799991607666,23.3799991607666,849
2022-10-11 15:33:00,23.350000381469727,23.459999084472656,23.350000381469727,23.44499969482422,23.44499969482422,5367
2022-10-11 15:34:00,23.479999542236328,23.479999542236328,23.3799991607666,23.3799991607666,23.3799991607666,7244
2022-10-11 15:35:00,23.420000076293945,23.475000381469727,23.420000076293945,23.450000762939453,23.450000762939453,4436
2022-10-11 15:36:00,23.454999923706055,23.46500015258789,23.399999618530273,23.46500015258789,23.46500015258789,12681
2022-10-11 15:37:00,23.462499618530273,23.475000381469727,23.450000762939453,23.475000381469727,23.475000381469727,953
2022-10-11 15:38:00,23.475000381469727,23.579999923706055,23.469999313354492,23.530000686645508,23.530000686645508,16675
2022-10-11 15:39:00,23.479999542236328,23.479999542236328,23.434999465942383,23.434999465942383,23.434999465942383,2446
2022-10-11 15:40:00,23.434999465942383,23.469999313354492,23.420000076293945,23.469999313354492,23.469999313354492,4339
2022-10-11 15:41:00,23.469999313354492,23.530000686645508,23.469999313354492,23.520000457763672,23.520000457763672,4118
2022-10-11 15:42:00,23.489999771118164,23.510000228881836,23.459999084472656,23.479999542236328,23.479999542236328,5290
2022-10-11 15:43:00,23.479999542236328,23.5,23.469999313354492,23.475000381469727,23.475000381469727,1488
2022-10-11 15:44:00,23.475000381469727,23.520000457763672,23.43000030517578,23.459999084472656,23.459999084472656,10554
2022-10-11 15:45:00,23.43000030517578,23.459999084472656,23.43000030517578,23.454999923706055,23.454999923706055,1852
2022-10-11 15:46:00,23.459999084472656,23.459999084472656,23.440000534057617,23.450000762939453,23.450000762939453,1065
2022-10-11 15:47:00,23.459999084472656,23.479999542236328,23.420000076293945,23.43000030517578,23.43000030517578,7212
2022-10-11 15:48:00,23.450000762939453,23.459999084472656,23.43000030517578,23.454999923706055,23.454999923706055,2342
2022-10-11 15:49:00,23.440000534057617,23.440000534057617,23.3700008392334,23.399999618530273,23.399999618530273,11225
2022-10-11 15:50:00,23.399999618530273,23.520000457763672,23.389999389648438,23.5049991607666,23.5049991607666,16073
2022-10-11 15:51:00,23.489999771118164,23.5049991607666,23.454999923706055,23.454999923706055,23.454999923706055,3106
2022-10-11 15:52:00,23.454999923706055,23.524999618530273,23.454999923706055,23.459999084472656,23.459999084472656,13856
2022-10-11 15:53:00,23.459999084472656,23.537900924682617,23.459999084472656,23.5049991607666,23.5049991607666,14084
2022-10-11 15:54:00,23.520000457763672,23.520000457763672,23.440000534057617,23.440000534057617,23.440000534057617,8431
2022-10-11 15:55:00,23.440000534057617,23.469999313354492,23.399999618530273,23.40999984741211,23.40999984741211,15759
2022-10-11 15:56:00,23.40999984741211,23.40999984741211,23.309999465942383,23.350000381469727,23.350000381469727,10161
2022-10-11 15:57:00,23.360000610351562,23.360000610351562,23.350000381469727,23.360000610351562,23.360000610351562,13494
2022-10-11 15:58:00,23.354999542236328,23.450000762939453,23.354999542236328,23.450000762939453,23.450000762939453,13791
